Title,Price,Seller
"I will do java, c and cpp  programming tasks and projects for you","2,951",Muzzammil
"I will help you with your c, c plus plus, and java projects","2,951",Somethingelse
"I will build and fix projects in HTML, cpp, java, python and js","5,901",Alazar Z
"I will do c, cpp, python, c sharp, java, php, ruby","5,901",Hassan Zaib
I will script java python bot c sql database coding programming project developer coder,"16,228",Ali
"I will develop java desktop app, java gui, java swing and javafx projects","1,476",Dev Max
"I will code project, assignment and game in java and python","5,901",Ubaida
I will java projects and java programming tasks,"2,951",Irtaza
I will create java applications and solve coding problems,"5,901",Ayesha B.
I will do assignments and code related to java programming,"4,426",Bakhtiarm
"I will be java developer for java programming, java assignment","1,476",Waqas A.
I will master programmer in c cpp and java with proficiency,"1,476",Junaid
I will build anything in minecraft java,"5,901",Matt Hopes
I will create efficient java programs tailored to your needs,"2,951",Tony Sanginez
I will develop website python c cpp  coding data science ai ml java programming project,"4,426",Ali
I will do programming in python java sql cpp ai script web app projects developer coder,"1,476",Aamish Baig
"I will do python java c assignments, gui apps and sql database projects","2,951",Zohaib
"I will design custom, unique, premium minecraft skin and mc java art","1,476",Adil Salwa Aqil
"I will do computer science assigned, java, cpp, python programming tasks and projects","2,951",Shaizart
I will do java programming tasks and projects,"2,951",Omais
"I will do java projects in bluej,eclipse,netbeans, intellij etc","2,951",Riaz
I will develop your programming project in java,"2,951",Timur A
"I will build minecraft lobby, map, house, spawn in java or bedrock","2,951",Assault
"I will develop ios and android mobile apps using kotlin, java, and flutter","29,505",Ibraham Kaream
I will do java programming and  java project,"1,476",Foyang Tech
"I will do java,javafx,java swing programming projects and programms","2,951",Afrin Akter
"I will fix android bug from flutter, java, kotlin and solve play store issues","2,951",Muhammad Hasnat
I will develop your java and c sharp programming projects and apps,"44,257",Shahzaib
"I will do urgent python ,java ,cpp, scripts,bot automation, projects, programming tasks","2,951",Hassan Javed
I will teach you java programming basics level to advanced,"5,901",Nadeem Ahmad
"I will do your java spring boot, rest API, react, thymeleaf project","11,802",Shubrato Dn
"I will teach java, python, and other programming languages","7,377",Vast Education
"I will be your expert python, java, c, cpp and javascript programmer","2,951",Mahad Ashraf
I will setup and configure android studio in your computer with java and dart,"1,476",Zia Uddin
I will provide professional java development services,"5,901",Ashok Kumar
I will do python java c script bot sql database cpp dsa coding programming project,"2,951",Lukuney
I will handle your java projects,"2,951",Ahmed
"I will do web application automation using selenium webdriver, java, testng, pom","2,951",Sachintha S
"I will do c, cpp, java, python programming projects and game development","1,476",Mian Azlan
"I will develop java applications, scripts, or backend systems","8,852",Dhana
"I will ai,ml, web, bots, java cpp r python programming projects and tasks","44,257",mubshirkhan141
"I will teach java from scratch, experienced tutor at your service","5,901",Pavan Kumar
"I will do java, cpp and assembly language programming projects","4,426",Developer29
"I will take mock interview on java, microservices, multithreading","8,852",Divya G Arora
I will teach basic java programming in 1 week,"5,901",Akram
I will teach java programming from scratch,"5,901",aryannair202
"I will teach python, machine learning, java, web develpment and cpp projects","5,901",Shahbaz Qadeer
"I will tutor java, python, and computer science online","5,901",Jessica M
I will migrate java 8 code based to java 21,"5,901",Sabareesan M
"I will do urgent code java tasks,java assignment and java project","4,426",Hamza
I will automation test using selenium for web and web scraping scripts in selenium java,"1,476",Mitu
I will create and customized software in java,"5,901",MahammadHanif
I will teach core java programming as a java tutor,"5,901",Aatif
"I will do java, cpp, c, rust, go projects, assignments","1,476",Captain Levi
I will do java application development,"59,009",Aleksandr H
I will fix java errors solve assignments,"1,476",Java experts
"I will do gohighlevel custom css ghl saas crm, ghl whitelabelling java script","7,377",West B
I will do java projects and java programming tasks,"29,505",Aggrey C
I will play minecraft with you in both java or bedrock edition,"8,852",Atif Naveed
